,ds,trend,yhat_lower,yhat_upper,trend_lower,trend_upper,additive_terms,additive_terms_lower,additive_terms_upper,weekly,weekly_lower,weekly_upper,multiplicative_terms,multiplicative_terms_lower,multiplicative_terms_upper,yhat
0,2022-07-25,304.834557578493,285.87395899288236,342.5404308160514,304.834557578493,304.834557578493,8.15221407517641,8.15221407517641,8.15221407517641,8.15221407517641,8.15221407517641,8.15221407517641,0.0,0.0,0.0,312.9867716536694
1,2022-07-26,303.95925822936965,280.7828156903196,338.7013503484963,303.95925822936965,303.95925822936965,6.544577627090109,6.544577627090109,6.544577627090109,6.544577627090109,6.544577627090109,6.544577627090109,0.0,0.0,0.0,310.5038358564598
2,2022-07-27,303.0839588802463,281.8919122882636,338.37130993410614,303.0839588802463,303.0839588802463,7.789508054032718,7.789508054032718,7.789508054032718,7.789508054032718,7.789508054032718,7.789508054032718,0.0,0.0,0.0,310.873466934279
3,2022-07-28,302.208659531123,282.6280245087255,337.6426930089917,302.208659531123,302.208659531123,7.200193369736087,7.200193369736087,7.200193369736087,7.200193369736087,7.200193369736087,7.200193369736087,0.0,0.0,0.0,309.4088529008591
4,2022-07-29,301.33336018199964,280.6919699053209,337.22131822041706,301.33336018199964,301.33336018199964,7.586325339786084,7.586325339786084,7.586325339786084,7.586325339786084,7.586325339786084,7.586325339786084,0.0,0.0,0.0,308.9196855217857
5,2022-08-01,298.70746213462957,277.9592947477983,337.51823075593995,298.70746213462957,298.70746213462957,8.152214075173774,8.152214075173774,8.152214075173774,8.152214075173774,8.152214075173774,8.152214075173774,0.0,0.0,0.0,306.85967620980335
6,2022-08-02,297.8321627855062,275.38824417731513,335.2777503887778,297.8321627855062,297.8321627855062,6.544577627082388,6.544577627082388,6.544577627082388,6.544577627082388,6.544577627082388,6.544577627082388,0.0,0.0,0.0,304.3767404125886
7,2022-08-03,296.9568634363829,274.97227203961853,331.40553200332283,296.9568634363829,296.9568634363829,7.789508054034214,7.789508054034214,7.789508054034214,7.789508054034214,7.789508054034214,7.789508054034214,0.0,0.0,0.0,304.7463714904171
8,2022-08-04,296.08156408725955,275.57330371675044,331.0375649377006,296.08156408725955,296.08156408725955,7.200193369757818,7.200193369757818,7.200193369757818,7.200193369757818,7.200193369757818,7.200193369757818,0.0,0.0,0.0,303.28175745701736
9,2022-08-05,295.2062647239874,274.3934407437847,333.30946606904666,295.2062647239874,295.2062647239874,7.586325339720864,7.586325339720864,7.586325339720864,7.586325339720864,7.586325339720864,7.586325339720864,0.0,0.0,0.0,302.79259006370825
10,2022-08-08,292.5803666341706,272.91610673706765,329.068869967828,292.5803666341706,292.5803666341706,8.152214075171138,8.152214075171138,8.152214075171138,8.152214075171138,8.152214075171138,8.152214075171138,0.0,0.0,0.0,300.73258070934173
11,2022-08-09,291.7050672708984,268.27459775280926,329.552812143436,291.7050672708984,291.7050672708984,6.544577627085496,6.544577627085496,6.544577627085496,6.544577627085496,6.544577627085496,6.544577627085496,0.0,0.0,0.0,298.2496448979839
12,2022-08-10,290.82976790762615,268.95813321140093,323.39116796598927,290.82976790762615,290.82976790762615,7.789508054034196,7.789508054034196,7.789508054034196,7.789508054034196,7.789508054034196,7.789508054034196,0.0,0.0,0.0,298.6192759616603
13,2022-08-11,289.9544685443539,268.4585765981474,325.4859542710847,289.9544685443539,289.9544685443539,7.20019336975245,7.20019336975245,7.20019336975245,7.20019336975245,7.20019336975245,7.20019336975245,0.0,0.0,0.0,297.1546619141064
14,2022-08-12,289.07916918108174,267.218254331557,324.4313401230944,289.07916918108174,289.07916918108174,7.586325339802548,7.586325339802548,7.586325339802548,7.586325339802548,7.586325339802548,7.586325339802548,0.0,0.0,0.0,296.6654945208843
15,2022-08-15,286.45327109126504,264.6235139936448,321.55685947614813,286.45327109126504,286.45327109126504,8.152214075210543,8.152214075210543,8.152214075210543,8.152214075210543,8.152214075210543,8.152214075210543,0.0,0.0,0.0,294.6054851664756
16,2022-08-16,285.57797172799275,264.8598984462381,318.1876886139704,285.57797172799275,285.57797172799275,6.544577627066947,6.544577627066947,6.544577627066947,6.544577627066947,6.544577627066947,6.544577627066947,0.0,0.0,0.0,292.1225493550597
17,2022-08-17,284.70267233341616,264.19899681674434,320.59452656361515,284.70267233341616,284.70267233341616,7.789508054034178,7.789508054034178,7.789508054034178,7.789508054034178,7.789508054034178,7.789508054034178,0.0,0.0,0.0,292.49218038745033
18,2022-08-18,283.8273729388396,260.90923416476465,320.3334101955629,283.8273729388396,283.8273729388396,7.200193369732555,7.200193369732555,7.200193369732555,7.200193369732555,7.200193369732555,7.200193369732555,0.0,0.0,0.0,291.02756630857215
19,2022-08-19,282.95207354426293,262.4383970646849,319.02644692577434,282.95207354426293,282.95207354426293,7.586325339783136,7.586325339783136,7.586325339783136,7.586325339783136,7.586325339783136,7.586325339783136,0.0,0.0,0.0,290.53839888404605
20,2022-08-22,280.3261753605331,261.34710123858866,318.4954136632021,280.3261753605331,280.3261753605331,8.15221407513301,8.15221407513301,8.15221407513301,8.15221407513301,8.15221407513301,8.15221407513301,0.0,0.0,0.0,288.47838943566614
21,2022-08-23,279.4508759659565,257.55916646588173,313.11289274539075,279.4508759659565,279.4508759659565,6.544577627099001,6.544577627099001,6.544577627099001,6.544577627099001,6.544577627099001,6.544577627099001,0.0,0.0,0.0,285.9954535930555
22,2022-08-24,278.57557657137994,258.16666578959604,314.01725471814115,278.57557657137994,278.57557657137994,7.789508054034161,7.789508054034161,7.789508054034161,7.789508054034161,7.789508054034161,7.789508054034161,0.0,0.0,0.0,286.3650846254141
23,2022-08-25,277.70027717680335,256.11633981648595,313.3818878403399,277.70027717680335,277.70027717680335,7.200193369727188,7.200193369727188,7.200193369727188,7.200193369727188,7.200193369727188,7.200193369727188,0.0,0.0,0.0,284.9004705465305
24,2022-08-26,276.8249777822267,256.77818086873407,310.65674522534164,276.8249777822267,276.8249777822267,7.5863253397866295,7.5863253397866295,7.5863253397866295,7.5863253397866295,7.5863253397866295,7.5863253397866295,0.0,0.0,0.0,284.41130312201335
25,2022-08-29,273.9787437541682,256.1207849668122,310.62562763497436,273.9787437541682,273.9787437541682,8.152214075172415,8.152214075172415,8.152214075172415,8.152214075172415,8.152214075172415,8.152214075172415,0.0,0.0,0.0,282.1309578293406
26,2022-08-30,273.0299990781487,251.45392216072878,307.29543968906927,273.0299990781487,273.0299990781487,6.544577627091279,6.544577627091279,6.544577627091279,6.544577627091279,6.544577627091279,6.544577627091279,0.0,0.0,0.0,279.57457670523996
27,2022-08-31,272.08125440212916,253.1507634595738,307.407780408779,272.08125440212916,272.08125440212916,7.789508054035655,7.789508054035655,7.789508054035655,7.789508054035655,7.789508054035655,7.789508054035655,0.0,0.0,0.0,279.8707624561648
28,2022-09-01,271.1325097261096,250.8407888037495,306.27042578462977,271.1325097261096,271.1325097261096,7.200193369748922,7.200193369748922,7.200193369748922,7.200193369748922,7.200193369748922,7.200193369748922,0.0,0.0,0.0,278.33270309585856
29,2022-09-02,270.18376505009013,249.9744116251949,305.2764583501723,270.18376505009013,270.18376505009013,7.586325339790124,7.586325339790124,7.586325339790124,7.586325339790124,7.586325339790124,7.586325339790124,0.0,0.0,0.0,277.77009038988024
30,2022-09-06,266.38878634601207,244.6423006497526,300.9772879629735,266.38878634601207,266.38878634601207,6.544577627094387,6.544577627094387,6.544577627094387,6.544577627094387,6.544577627094387,6.544577627094387,0.0,0.0,0.0,272.93336397310645
31,2022-09-07,265.4400416699925,246.11962482843558,302.7348409024038,265.4400416699925,265.4400416699925,7.789508054034124,7.789508054034124,7.789508054034124,7.789508054034124,7.789508054034124,7.789508054034124,0.0,0.0,0.0,273.22954972402664
32,2022-09-08,264.49129699397304,242.5951949305323,297.71726015498393,264.49129699397304,264.49129699397304,7.2001933697290275,7.2001933697290275,7.2001933697290275,7.2001933697290275,7.2001933697290275,7.2001933697290275,0.0,0.0,0.0,271.6914903637021
33,2022-09-09,263.41442180162926,244.2536935347226,298.2817192696785,263.41442180162926,263.41442180162926,7.586325339747808,7.586325339747808,7.586325339747808,7.586325339747808,7.586325339747808,7.586325339747808,0.0,0.0,0.0,271.0007471413771
34,2022-09-12,260.18379622459787,241.09074680315888,295.7268710486315,260.18379622459787,260.18379622459787,8.152214075188162,8.152214075188162,8.152214075188162,8.152214075188162,8.152214075188162,8.152214075188162,0.0,0.0,0.0,268.33601029978604
35,2022-09-13,259.1069210322541,238.64531594209842,293.95277785270895,259.1069210322541,259.1069210322541,6.5445776270974925,6.5445776270974925,6.5445776270974925,6.5445776270974925,6.5445776270974925,6.5445776270974925,0.0,0.0,0.0,265.6514986593516
36,2022-09-14,258.03004583991026,235.61038718193643,295.4489186934518,258.03004583991026,258.03004583991026,7.7895080540338215,7.7895080540338215,7.7895080540338215,7.7895080540338215,7.7895080540338215,7.7895080540338215,0.0,0.0,0.0,265.8195538939441
37,2022-09-15,256.9531706475665,236.4883878147253,292.766092605815,256.9531706475665,256.9531706475665,7.2001933697372085,7.2001933697372085,7.2001933697372085,7.2001933697372085,7.2001933697372085,7.2001933697372085,0.0,0.0,0.0,264.1533640173037
38,2022-09-16,255.87629545522267,235.26055297587047,290.1591034987006,255.87629545522267,255.87629545522267,7.5863253397513,7.5863253397513,7.5863253397513,7.5863253397513,7.5863253397513,7.5863253397513,0.0,0.0,0.0,263.462620794974
39,2022-09-19,252.64566987819126,231.7768841698545,289.5469526916864,252.64566987819126,252.64566987819126,8.15221407513165,8.15221407513165,8.15221407513165,8.15221407513165,8.15221407513165,8.15221407513165,0.0,0.0,0.0,260.7978839533229
40,2022-09-20,251.56879468584748,231.22278290024911,285.8996783898864,251.56879468584748,251.56879468584748,6.5445776270789455,6.5445776270789455,6.5445776270789455,6.5445776270789455,6.5445776270789455,6.5445776270789455,0.0,0.0,0.0,258.1133723129264
41,2022-09-21,250.46054300419087,229.52870806663,285.84411723950154,250.46054300419087,250.46054300419087,7.7895080540338055,7.7895080540338055,7.7895080540338055,7.7895080540338055,7.7895080540338055,7.7895080540338055,0.0,0.0,0.0,258.2500510582247
42,2022-09-22,249.35229132253426,230.40636836725588,287.16371027515544,249.35229132253426,249.35229132253426,7.200193369731841,7.200193369731841,7.200193369731841,7.200193369731841,7.200193369731841,7.200193369731841,0.0,0.0,0.0,256.5524846922661
43,2022-09-23,248.24403964087765,227.82165428031448,283.1132868574636,248.24403964087765,248.24403964087765,7.586325339731889,7.586325339731889,7.586325339731889,7.586325339731889,7.586325339731889,7.586325339731889,0.0,0.0,0.0,255.83036498060955
44,2022-09-26,244.91928459590787,225.89913058446842,280.0021125535457,244.91928459590787,244.91928459590787,8.152214075150036,8.152214075150036,8.152214075150036,8.152214075150036,8.152214075150036,8.152214075150036,0.0,0.0,0.0,253.0714986710579
45,2022-09-27,243.81103291425129,220.67460919731118,278.08986146991265,243.81103291425129,243.81103291425129,6.544577627082052,6.544577627082052,6.544577627082052,6.544577627082052,6.544577627082052,6.544577627082052,0.0,0.0,0.0,250.35561054133333
46,2022-09-28,242.70278123259467,222.54328496862237,278.95811791262537,242.70278123259467,242.70278123259467,7.789508054035299,7.789508054035299,7.789508054035299,7.789508054035299,7.789508054035299,7.789508054035299,0.0,0.0,0.0,250.49228928662998
47,2022-09-29,241.5945295509381,220.20769214951983,275.95268138625045,241.5945295509381,241.5945295509381,7.200193369740024,7.200193369740024,7.200193369740024,7.200193369740024,7.200193369740024,7.200193369740024,0.0,0.0,0.0,248.7947229206781
48,2022-09-30,240.48627786928142,220.35059589434738,275.65859234207284,240.48627786928142,240.48627786928142,7.586325339790669,7.586325339790669,7.586325339790669,7.586325339790669,7.586325339790669,7.586325339790669,0.0,0.0,0.0,248.0726032090721
49,2022-10-03,237.16151902953987,218.54703171722247,273.4529892087735,237.16151902953987,237.16151902953987,8.152214075147398,8.152214075147398,8.152214075147398,8.152214075147398,8.152214075147398,8.152214075147398,0.0,0.0,0.0,245.3137331046873
50,2022-10-04,236.05326608295934,214.6166188059808,270.1337415460752,236.05326608295934,236.05326608295934,6.544577627074331,6.544577627074331,6.544577627074331,6.544577627074331,6.544577627074331,6.544577627074331,0.0,0.0,0.0,242.59784371003366
51,2022-10-05,234.9450131363789,214.46380612149812,268.5887411555652,234.9450131363789,234.9450131363789,7.789508054031969,7.789508054031969,7.789508054031969,7.789508054031969,7.789508054031969,7.789508054031969,0.0,0.0,0.0,242.73452119041085
52,2022-10-06,233.83676018979833,214.15262121794132,270.90439578219446,233.83676018979833,233.83676018979833,7.200193369734656,7.200193369734656,7.200193369734656,7.200193369734656,7.200193369734656,7.200193369734656,0.0,0.0,0.0,241.03695355953298
53,2022-10-07,232.7285072432178,212.67296013385982,266.10244246648244,232.7285072432178,232.7285072432178,7.586325339771257,7.586325339771257,7.586325339771257,7.586325339771257,7.586325339771257,7.586325339771257,0.0,0.0,0.0,240.31483258298906
54,2022-10-10,229.40374840347627,211.87677043967196,265.1270938761937,229.40374840347627,229.40374840347627,8.152214075165782,8.152214075165782,8.152214075165782,8.152214075165782,8.152214075165782,8.152214075165782,0.0,0.0,0.0,237.55596247864204
55,2022-10-11,228.29549545689576,207.12762096984582,263.5176872881554,228.29549545689576,228.29549545689576,6.544577627095557,6.544577627095557,6.544577627095557,6.544577627095557,6.544577627095557,6.544577627095557,0.0,0.0,0.0,234.8400730839913
56,2022-10-12,227.18724251031531,207.51895621575926,262.6592706495198,227.18724251031531,227.18724251031531,7.789508054031953,7.789508054031953,7.789508054031953,7.789508054031953,7.789508054031953,7.789508054031953,0.0,0.0,0.0,234.97675056434727
57,2022-10-13,226.07898955812072,205.38479684839473,260.3313582959495,226.07898955812072,226.07898955812072,7.20019336975639,7.20019336975639,7.20019336975639,7.20019336975639,7.20019336975639,7.20019336975639,0.0,0.0,0.0,233.27918292787712
58,2022-10-14,224.9707366059261,205.28930068119794,261.84012777234665,224.9707366059261,224.9707366059261,7.586325339774749,7.586325339774749,7.586325339774749,7.586325339774749,7.586325339774749,7.586325339774749,0.0,0.0,0.0,232.55706194570087
59,2022-10-17,221.6459777493423,201.04748191029452,258.3213330254739,221.6459777493423,221.6459777493423,8.152214075163148,8.152214075163148,8.152214075163148,8.152214075163148,8.152214075163148,8.152214075163148,0.0,0.0,0.0,229.79819182450547
60,2022-10-18,220.53772479714772,200.22676568001367,255.66714712943147,220.53772479714772,220.53772479714772,6.544577627087835,6.544577627087835,6.544577627087835,6.544577627087835,6.544577627087835,6.544577627087835,0.0,0.0,0.0,227.08230242423556
61,2022-10-19,219.42947184495307,197.80423923151216,255.62445076766076,219.42947184495307,219.42947184495307,7.789508054031935,7.789508054031935,7.789508054031935,7.789508054031935,7.789508054031935,7.789508054031935,0.0,0.0,0.0,227.218979898985
62,2022-10-20,218.32121889275845,198.09418884186425,253.45758424817024,218.32121889275845,218.32121889275845,7.200193369751022,7.200193369751022,7.200193369751022,7.200193369751022,7.200193369751022,7.200193369751022,0.0,0.0,0.0,225.52141226250947
63,2022-10-21,217.21296594056386,197.4916480087488,253.09513003785972,217.21296594056386,217.21296594056386,7.586325339755339,7.586325339755339,7.586325339755339,7.586325339755339,7.586325339755339,7.586325339755339,0.0,0.0,0.0,224.7992912803192
64,2022-10-24,213.88820708398,193.88739145103492,250.59721411300958,213.88820708398,213.88820708398,8.15221407520255,8.15221407520255,8.15221407520255,8.15221407520255,8.15221407520255,8.15221407520255,0.0,0.0,0.0,222.04042115918256
65,2022-10-25,212.77995413680534,190.79991550195945,247.79919781905852,212.77995413680534,212.77995413680534,6.544577627090941,6.544577627090941,6.544577627090941,6.544577627090941,6.544577627090941,6.544577627090941,0.0,0.0,0.0,219.3245317638963
66,2022-10-26,211.67170118963074,192.06765507528908,247.38087079212954,211.67170118963074,211.67170118963074,7.789508054033429,7.789508054033429,7.789508054033429,7.789508054033429,7.789508054033429,7.789508054033429,0.0,0.0,0.0,219.46120924366417
67,2022-10-27,210.56344824245608,192.23603416828138,246.82879506344622,210.56344824245608,210.56344824245608,7.200193369731128,7.200193369731128,7.200193369731128,7.200193369731128,7.200193369731128,7.200193369731128,0.0,0.0,0.0,217.7636416121872
68,2022-10-28,209.45519529528144,187.52151677128734,247.6434123700459,209.45519529528144,209.45519529528144,7.586325339758831,7.586325339758831,7.586325339758831,7.586325339758831,7.586325339758831,7.586325339758831,0.0,0.0,0.0,217.04152063504029
69,2022-10-31,206.13043645375748,184.9217184726569,241.39670808255892,206.13043645375748,206.13043645375748,8.152214075199915,8.152214075199915,8.152214075199915,8.152214075199915,8.152214075199915,8.152214075199915,0.0,0.0,0.0,214.2826505289574
70,2022-11-01,205.02218350658282,183.01906944213343,238.14092105119647,205.02218350658282,205.02218350658282,6.544577627101338,6.544577627101338,6.544577627101338,6.544577627101338,6.544577627101338,6.544577627101338,0.0,0.0,0.0,211.56676113368417
71,2022-11-02,203.9139305594082,185.66571079832482,241.9124745283738,203.9139305594082,203.9139305594082,7.789508054034923,7.789508054034923,7.789508054034923,7.789508054034923,7.789508054034923,7.789508054034923,0.0,0.0,0.0,211.7034386134431
72,2022-11-03,202.80567761223358,182.18536261842243,240.18121221921072,202.80567761223358,202.80567761223358,7.20019336973931,7.20019336973931,7.20019336973931,7.20019336973931,7.20019336973931,7.20019336973931,0.0,0.0,0.0,210.0058709819729
73,2022-11-04,201.69742466574706,180.83641791888198,236.82330240685823,201.69742466574706,201.69742466574706,7.586325339716516,7.586325339716516,7.586325339716516,7.586325339716516,7.586325339716516,7.586325339716516,0.0,0.0,0.0,209.2837500054636
74,2022-11-07,198.37266582628757,175.2723244876279,234.2253255853418,198.37266582628757,198.37266582628757,8.152214075143403,8.152214075143403,8.152214075143403,8.152214075143403,8.152214075143403,8.152214075143403,0.0,0.0,0.0,206.52487990143098
75,2022-11-08,197.26441287980109,172.87769903940415,232.46037445314906,197.26441287980109,197.26441287980109,6.544577627104447,6.544577627104447,6.544577627104447,6.544577627104447,6.544577627104447,6.544577627104447,0.0,0.0,0.0,203.80899050690553
76,2022-11-09,196.1561599333146,175.30630770273126,231.07292147285264,196.1561599333146,196.1561599333146,7.789508054034905,7.789508054034905,7.789508054034905,7.789508054034905,7.789508054034905,7.789508054034905,0.0,0.0,0.0,203.9456679873495
77,2022-11-10,195.04790698682808,175.0728393486726,228.78100276287233,195.04790698682808,195.04790698682808,7.200193369747492,7.200193369747492,7.200193369747492,7.200193369747492,7.200193369747492,7.200193369747492,0.0,0.0,0.0,202.24810035657558
78,2022-11-11,193.93965404034157,174.01647787825726,229.6821289815916,193.93965404034157,193.93965404034157,7.586325339720009,7.586325339720009,7.586325339720009,7.586325339720009,7.586325339720009,7.586325339720009,0.0,0.0,0.0,201.52597938006159
79,2022-11-14,190.6148952008821,171.57327928128936,227.91116215138587,190.6148952008821,190.6148952008821,8.152214075161789,8.152214075161789,8.152214075161789,8.152214075161789,8.152214075161789,8.152214075161789,0.0,0.0,0.0,198.7671092760439
80,2022-11-15,189.5066422543956,168.40538287735762,223.76653096295107,189.5066422543956,189.5066422543956,6.544577627085897,6.544577627085897,6.544577627085897,6.544577627085897,6.544577627085897,6.544577627085897,0.0,0.0,0.0,196.05121988148147
81,2022-11-16,188.39838929916095,166.41952389148182,224.27266096271444,188.39838929916095,188.39838929916095,7.789508054034886,7.789508054034886,7.789508054034886,7.789508054034886,7.789508054034886,7.789508054034886,0.0,0.0,0.0,196.18789735319584
82,2022-11-17,187.29013634392626,165.3699565466172,222.39675137873192,187.29013634392626,187.29013634392626,7.200193369742124,7.200193369742124,7.200193369742124,7.200193369742124,7.200193369742124,7.200193369742124,0.0,0.0,0.0,194.4903297136684
83,2022-11-18,186.1818833886916,164.30273234951525,223.38812662330406,186.1818833886916,186.1818833886916,7.586325339755885,7.586325339755885,7.586325339755885,7.586325339755885,7.586325339755885,7.586325339755885,0.0,0.0,0.0,193.7682087284475
84,2022-11-21,182.85712452298768,164.352085765012,218.3427492313958,182.85712452298768,182.85712452298768,8.15221407518017,8.15221407518017,8.15221407518017,8.15221407518017,8.15221407518017,8.15221407518017,0.0,0.0,0.0,191.00933859816786
85,2022-11-22,181.74887156775299,160.05546854300158,215.00914720918541,181.74887156775299,181.74887156775299,6.544577627089005,6.544577627089005,6.544577627089005,6.544577627089005,6.544577627089005,6.544577627089005,0.0,0.0,0.0,188.293449194842
86,2022-11-23,180.64061861251832,160.29798510072877,214.80432816342253,180.64061861251832,180.64061861251832,7.789508054033073,7.789508054033073,7.789508054033073,7.789508054033073,7.789508054033073,7.789508054033073,0.0,0.0,0.0,188.4301266665514
87,2022-11-25,178.42411270204903,158.02561149007965,211.88535673871826,178.42411270204903,178.42411270204903,7.5863253397593775,7.5863253397593775,7.5863253397593775,7.5863253397593775,7.5863253397593775,7.5863253397593775,0.0,0.0,0.0,186.0104380418084
88,2022-11-28,175.09935383634502,154.54411073351235,212.03658578899416,175.09935383634502,175.09935383634502,8.15221407512366,8.15221407512366,8.15221407512366,8.15221407512366,8.15221407512366,8.15221407512366,0.0,0.0,0.0,183.25156791146867
89,2022-11-29,173.99110088929342,152.53467590068885,208.03282278111936,173.99110088929342,173.99110088929342,6.544577627081286,6.544577627081286,6.544577627081286,6.544577627081286,6.544577627081286,6.544577627081286,0.0,0.0,0.0,180.5356785163747
90,2022-11-30,172.88284794224182,150.87854364526038,207.9356106040488,172.88284794224182,172.88284794224182,7.789508054034567,7.789508054034567,7.789508054034567,7.789508054034567,7.789508054034567,7.789508054034567,0.0,0.0,0.0,180.6723559962764
91,2022-12-01,171.77459499519026,149.20219420603078,207.70049608758433,171.77459499519026,171.77459499519026,7.20019336974494,7.20019336974494,7.20019336974494,7.20019336974494,7.20019336974494,7.20019336974494,0.0,0.0,0.0,178.9747883649352
92,2022-12-02,170.66634204813872,150.1942039255342,207.2957734749519,170.66634204813872,170.66634204813872,7.5863253397399655,7.5863253397399655,7.5863253397399655,7.5863253397399655,7.5863253397399655,7.5863253397399655,0.0,0.0,0.0,178.2526673878787
93,2022-12-05,167.34158320698396,147.17397864487432,202.44376662177004,167.34158320698396,167.34158320698396,8.152214075142044,8.152214075142044,8.152214075142044,8.152214075142044,8.152214075142044,8.152214075142044,0.0,0.0,0.0,175.493797282126
94,2022-12-06,166.23333025993236,143.25014750982646,200.0552090283781,166.23333025993236,166.23333025993236,6.544577627084389,6.544577627084389,6.544577627084389,6.544577627084389,6.544577627084389,6.544577627084389,0.0,0.0,0.0,172.77790788701674
95,2022-12-07,165.12507731288076,145.73493372758765,200.6326276719501,165.12507731288076,165.12507731288076,7.789508054033038,7.789508054033038,7.789508054033038,7.789508054033038,7.789508054033038,7.789508054033038,0.0,0.0,0.0,172.9145853669138
96,2022-12-08,164.01682436582922,143.69386833126555,199.82666245497842,164.01682436582922,164.01682436582922,7.200193369753123,7.200193369753123,7.200193369753123,7.200193369753123,7.200193369753123,7.200193369753123,0.0,0.0,0.0,171.21701773558235
97,2022-12-09,163.11131924276313,145.37713775290018,198.83381531701534,163.11131924276313,163.11131924276313,7.586325339798744,7.586325339798744,7.586325339798744,7.586325339798744,7.586325339798744,7.586325339798744,0.0,0.0,0.0,170.69764458256188
98,2022-12-12,160.3948038735649,142.52547167358733,196.98755845857875,160.3948038735649,160.3948038735649,8.152214075139408,8.152214075139408,8.152214075139408,8.152214075139408,8.152214075139408,8.152214075139408,0.0,0.0,0.0,168.5470179487043
99,2022-12-13,159.48929875049882,139.78420460529267,193.1951480292131,159.48929875049882,159.48929875049882,6.54457762707667,6.54457762707667,6.54457762707667,6.54457762707667,6.54457762707667,6.54457762707667,0.0,0.0,0.0,166.0338763775755
100,2022-12-14,158.58379362743273,136.71858801253035,193.93956109945958,158.58379362743273,158.58379362743273,7.789508054034532,7.789508054034532,7.789508054034532,7.789508054034532,7.789508054034532,7.789508054034532,0.0,0.0,0.0,166.37330168146727
101,2022-12-15,157.67828850436663,137.90457362092246,193.34968194449013,157.67828850436663,157.67828850436663,7.200193369746778,7.200193369746778,7.200193369746778,7.200193369746778,7.200193369746778,7.200193369746778,0.0,0.0,0.0,164.87848187411342
102,2022-12-16,156.77278338130057,136.85868413476777,191.3368554297315,156.77278338130057,156.77278338130057,7.586325339779334,7.586325339779334,7.586325339779334,7.586325339779334,7.586325339779334,7.586325339779334,0.0,0.0,0.0,164.3591087210799
103,2022-12-19,154.05626801210232,133.52920861331677,191.2129648044255,154.05626801210232,154.05626801210232,8.152214075178813,8.152214075178813,8.152214075178813,8.152214075178813,8.152214075178813,8.152214075178813,0.0,0.0,0.0,162.20848208728114
104,2022-12-20,153.15076288903623,132.1344049897784,187.0027825202923,153.15076288903623,153.15076288903623,6.5445776270978975,6.5445776270978975,6.5445776270978975,6.5445776270978975,6.5445776270978975,6.5445776270978975,0.0,0.0,0.0,159.69534051613414
105,2022-12-21,152.71349707059392,129.40785829581816,189.89782293541543,152.71349707059392,152.71349707059392,7.7895080540345125,7.7895080540345125,7.7895080540345125,7.7895080540345125,7.7895080540345125,7.7895080540345125,0.0,0.0,0.0,160.50300512462843
106,2022-12-22,152.27623125215163,129.2229346004087,186.91156803599597,152.27623125215163,152.27623125215163,7.20019336974141,7.20019336974141,7.20019336974141,7.20019336974141,7.20019336974141,7.20019336974141,0.0,0.0,0.0,159.47642462189305
107,2022-12-23,151.83896543370932,131.75107644606746,188.5844367527001,151.83896543370932,151.83896543370932,7.586325339782826,7.586325339782826,7.586325339782826,7.586325339782826,7.586325339782826,7.586325339782826,0.0,0.0,0.0,159.42529077349215
108,2022-12-27,150.08990215994012,128.76184113486465,182.94699538059191,150.08990215994012,150.08990215994012,6.544577627090175,6.544577627090175,6.544577627090175,6.544577627090175,6.544577627090175,6.544577627090175,0.0,0.0,0.0,156.6344797870303
109,2022-12-28,149.65263634149784,128.5455936466232,185.9888773549699,149.65263634149784,149.65263634149784,7.789508054036006,7.789508054036006,7.789508054036006,7.789508054036006,7.789508054036006,7.789508054036006,0.0,0.0,0.0,157.44214439553386
110,2022-12-29,149.21537052305553,127.41011322862542,182.99933372266247,149.21537052305553,149.21537052305553,7.200193369749592,7.200193369749592,7.200193369749592,7.200193369749592,7.200193369749592,7.200193369749592,0.0,0.0,0.0,156.41556389280512
111,2022-12-30,148.77810470461324,131.1130280726307,184.34755869192213,148.77810470461324,148.77810470461324,7.586325339740511,7.586325339740511,7.586325339740511,7.586325339740511,7.586325339740511,7.586325339740511,0.0,0.0,0.0,156.36443004435375
112,2023-01-03,147.02904143084402,125.45387898983961,181.9931291178502,147.02904143084402,147.02904143084402,6.5445776270932825,6.5445776270932825,6.5445776270932825,6.5445776270932825,6.5445776270932825,6.5445776270932825,0.0,0.0,0.0,153.5736190579373
113,2023-01-04,147.09546129492358,126.58498540011635,182.7344870419422,147.09546129492358,147.09546129492358,7.78950805403599,7.78950805403599,7.78950805403599,7.78950805403599,7.78950805403599,7.78950805403599,0.0,0.0,0.0,154.88496934895957
114,2023-01-05,147.16188115900312,126.01733006581622,182.83489074281312,147.16188115900312,147.16188115900312,7.200193369716149,7.200193369716149,7.200193369716149,7.200193369716149,7.200193369716149,7.200193369716149,0.0,0.0,0.0,154.36207452871926
115,2023-01-06,147.22830102308265,126.98124346571714,181.06525579545848,147.22830102308265,147.22830102308265,7.586325339744004,7.586325339744004,7.586325339744004,7.586325339744004,7.586325339744004,7.586325339744004,0.0,0.0,0.0,154.81462636282666
116,2023-01-09,147.42756061532125,129.08581513858755,183.95657821313972,147.42756061532125,147.42756061532125,8.152214075191925,8.152214075191925,8.152214075191925,8.152214075191925,8.152214075191925,8.152214075191925,0.0,0.0,0.0,155.57977469051318
117,2023-01-10,147.49398047940082,125.06539134340879,181.914447177773,147.49398047940082,147.49398047940082,6.5445776270747364,6.5445776270747364,6.5445776270747364,6.5445776270747364,6.5445776270747364,6.5445776270747364,0.0,0.0,0.0,154.03855810647556
118,2023-01-11,147.56040034348035,128.37870205726566,184.2404872050927,147.56040034348035,147.56040034348035,7.789508054032662,7.789508054032662,7.789508054032662,7.789508054032662,7.789508054032662,7.789508054032662,0.0,0.0,0.0,155.34990839751302
119,2023-01-12,147.6268202075599,124.96862535926283,182.33344117835904,147.6268202075599,147.6268202075599,7.200193369737883,7.200193369737883,7.200193369737883,7.200193369737883,7.200193369737883,7.200193369737883,0.0,0.0,0.0,154.82701357729778
120,2023-01-13,147.69324007163945,124.91026016189124,183.69946975640872,147.69324007163945,147.69324007163945,7.586325339747497,7.586325339747497,7.586325339747497,7.586325339747497,7.586325339747497,7.586325339747497,0.0,0.0,0.0,155.27956541138695
121,2023-01-17,148.98848227301033,126.06710401778815,183.39572765050028,148.98848227301033,148.98848227301033,6.544577627077842,6.544577627077842,6.544577627077842,6.544577627077842,6.544577627077842,6.544577627077842,0.0,0.0,0.0,155.53305990008818
122,2023-01-18,149.31229282335303,130.09234270353127,186.56670415649884,149.31229282335303,149.31229282335303,7.789508054032646,7.789508054032646,7.789508054032646,7.789508054032646,7.789508054032646,7.789508054032646,0.0,0.0,0.0,157.10180087738567
123,2023-01-19,149.63610337369576,128.86797601985845,184.7700153058205,149.63610337369576,149.63610337369576,7.2001933697325144,7.2001933697325144,7.2001933697325144,7.2001933697325144,7.2001933697325144,7.2001933697325144,0.0,0.0,0.0,156.83629674342828
124,2023-01-20,149.9599139240385,131.11944983524734,186.2702949912508,149.9599139240385,149.9599139240385,7.586325339728086,7.586325339728086,7.586325339728086,7.586325339728086,7.586325339728086,7.586325339728086,0.0,0.0,0.0,157.54623926376658
125,2023-01-23,150.93134557506664,131.3327084786646,186.7238682422469,150.93134557506664,150.93134557506664,8.152214075153797,8.152214075153797,8.152214075153797,8.152214075153797,8.152214075153797,8.152214075153797,0.0,0.0,0.0,159.08355965022045
126,2023-01-24,151.25515612540937,130.42791213094384,184.46217505294464,151.25515612540937,151.25515612540937,6.5445776270809475,6.5445776270809475,6.5445776270809475,6.5445776270809475,6.5445776270809475,6.5445776270809475,0.0,0.0,0.0,157.7997337524903
127,2023-01-25,151.5789666757521,130.48842324458468,189.29467443835318,151.5789666757521,151.5789666757521,7.78950805403414,7.78950805403414,7.78950805403414,7.78950805403414,7.78950805403414,7.78950805403414,0.0,0.0,0.0,159.36847472978624
128,2023-01-26,151.9027772260948,130.85943794247183,184.76667731008777,151.9027772260948,151.9027772260948,7.200193369740696,7.200193369740696,7.200193369740696,7.200193369740696,7.200193369740696,7.200193369740696,0.0,0.0,0.0,159.1029705958355
129,2023-01-27,152.22658777419298,130.9987211499511,190.3247583305021,152.22658777419298,152.22658777419298,7.586325339809769,7.586325339809769,7.586325339809769,7.586325339809769,7.586325339809769,7.586325339809769,0.0,0.0,0.0,159.81291311400275
130,2023-01-30,153.1980194184875,134.5098055825183,189.27661113250633,153.1980194184875,153.1980194184875,8.15221407515116,8.15221407515116,8.15221407515116,8.15221407515116,8.15221407515116,8.15221407515116,0.0,0.0,0.0,161.35023349363865
131,2023-01-31,153.52182996658564,130.67457236787726,189.1974612951422,153.52182996658564,153.52182996658564,6.544577627073229,6.544577627073229,6.544577627073229,6.544577627073229,6.544577627073229,6.544577627073229,0.0,0.0,0.0,160.06640759365888
132,2023-02-01,153.84564051468385,135.31386404345457,190.48247593222254,153.84564051468385,153.84564051468385,7.789508054032323,7.789508054032323,7.789508054032323,7.789508054032323,7.789508054032323,7.789508054032323,0.0,0.0,0.0,161.63514856871618
133,2023-02-02,154.169451062782,133.93011101572654,189.84888653056677,154.169451062782,154.169451062782,7.200193369748878,7.200193369748878,7.200193369748878,7.200193369748878,7.200193369748878,7.200193369748878,0.0,0.0,0.0,161.3696444325309
134,2023-02-03,154.49326161088015,133.99944335974237,189.86359775736102,154.49326161088015,154.49326161088015,7.586325339767455,7.586325339767455,7.586325339767455,7.586325339767455,7.586325339767455,7.586325339767455,0.0,0.0,0.0,162.0795869506476
135,2023-02-06,155.46469325517467,136.45008549911705,191.27501816055985,155.46469325517467,155.46469325517467,8.152214075169544,8.152214075169544,8.152214075169544,8.152214075169544,8.152214075169544,8.152214075169544,0.0,0.0,0.0,163.61690733034422
136,2023-02-07,155.78850380327287,134.81009750497043,190.37773992677737,155.78850380327287,155.78850380327287,6.544577627105283,6.544577627105283,6.544577627105283,6.544577627105283,6.544577627105283,6.544577627105283,0.0,0.0,0.0,162.33308143037814
137,2023-02-08,156.11231435258844,135.20863010236948,191.02292421749576,156.11231435258844,156.11231435258844,7.789508054033815,7.789508054033815,7.789508054033815,7.789508054033815,7.789508054033815,7.789508054033815,0.0,0.0,0.0,163.90182240662224
138,2023-02-09,156.43612490190398,134.6589501031644,191.3097739384645,156.43612490190398,156.43612490190398,7.20019336975706,7.20019336975706,7.20019336975706,7.20019336975706,7.20019336975706,7.20019336975706,0.0,0.0,0.0,163.63631827166105
139,2023-02-10,156.75993545121955,136.063698156485,192.44759491393458,156.75993545121955,156.75993545121955,7.586325339770948,7.586325339770948,7.586325339770948,7.586325339770948,7.586325339770948,7.586325339770948,0.0,0.0,0.0,164.3462607909905
140,2023-02-13,157.73136709916625,136.72888705055212,194.2275075998381,157.73136709916625,157.73136709916625,8.152214075187928,8.152214075187928,8.152214075187928,8.152214075187928,8.152214075187928,8.152214075187928,0.0,0.0,0.0,165.88358117435416
141,2023-02-14,158.05517764848182,137.68029628099222,193.07836703968047,158.05517764848182,158.05517764848182,6.544577627075906,6.544577627075906,6.544577627075906,6.544577627075906,6.544577627075906,6.544577627075906,0.0,0.0,0.0,164.59975527555773
142,2023-02-15,158.37898819779738,136.0159719770052,194.68390438146704,158.37898819779738,158.37898819779738,7.789508054032287,7.789508054032287,7.789508054032287,7.789508054032287,7.789508054032287,7.789508054032287,0.0,0.0,0.0,166.16849625182968
143,2023-02-16,158.70279874711295,137.06106246177055,194.7280446816541,158.70279874711295,158.70279874711295,7.200193369751692,7.200193369751692,7.200193369751692,7.200193369751692,7.200193369751692,7.200193369751692,0.0,0.0,0.0,165.90299211686465
144,2023-02-17,159.02660929642852,138.23249953969207,194.73603966474028,159.02660929642852,159.02660929642852,7.586325339751536,7.586325339751536,7.586325339751536,7.586325339751536,7.586325339751536,7.586325339751536,0.0,0.0,0.0,166.61293463618006
145,2023-02-21,160.32185146082995,139.0069620709632,195.84167306594762,160.32185146082995,160.32185146082995,6.544577627079014,6.544577627079014,6.544577627079014,6.544577627079014,6.544577627079014,6.544577627079014,0.0,0.0,0.0,166.86642908790895
146,2023-02-22,160.6456620019303,139.99362844346473,197.95247478431224,160.6456620019303,160.6456620019303,7.7895080540337815,7.7895080540337815,7.7895080540337815,7.7895080540337815,7.7895080540337815,7.7895080540337815,0.0,0.0,0.0,168.43517005596408
147,2023-02-23,160.9694725430307,140.25089210592668,195.44471114711703,160.9694725430307,160.9694725430307,7.200193369731798,7.200193369731798,7.200193369731798,7.200193369731798,7.200193369731798,7.200193369731798,0.0,0.0,0.0,168.1696659127625
148,2023-02-24,161.29328308413105,140.0972623198883,198.21248486033232,161.29328308413105,161.29328308413105,7.5863253398103145,7.5863253398103145,7.5863253398103145,7.5863253398103145,7.5863253398103145,7.5863253398103145,0.0,0.0,0.0,168.87960842394136
149,2023-02-27,162.26471470743212,142.87286309857265,200.45378415037536,162.26471470743212,162.26471470743212,8.152214075203677,8.152214075203677,8.152214075203677,8.152214075203677,8.152214075203677,8.152214075203677,0.0,0.0,0.0,170.4169287826358
150,2023-02-28,162.58852524853245,139.95310439772913,197.73812664254964,162.58852524853245,162.58852524853245,6.544577627100239,6.544577627100239,6.544577627100239,6.544577627100239,6.544577627100239,6.544577627100239,0.0,0.0,0.0,169.1331028756327
151,2023-03-01,162.91233578963283,141.88130939084093,199.89875142012428,162.91233578963283,162.91233578963283,7.7895080540352755,7.7895080540352755,7.7895080540352755,7.7895080540352755,7.7895080540352755,7.7895080540352755,0.0,0.0,0.0,170.70184384366812
152,2023-03-02,163.2361463307332,143.2565601445334,197.66249875443935,163.2361463307332,163.2361463307332,7.200193369726433,7.200193369726433,7.200193369726433,7.200193369726433,7.200193369726433,7.200193369726433,0.0,0.0,0.0,170.43633970045963
153,2023-03-03,163.5599568580933,144.35151720771933,200.28347625001427,163.5599568580933,163.5599568580933,7.586325339790905,7.586325339790905,7.586325339790905,7.586325339790905,7.586325339790905,7.586325339790905,0.0,0.0,0.0,171.1462821978842
154,2023-03-06,164.53138844017363,145.63135435280205,202.73425600167786,164.53138844017363,164.53138844017363,8.152214075147164,8.152214075147164,8.152214075147164,8.152214075147164,8.152214075147164,8.152214075147164,0.0,0.0,0.0,172.68360251532079
155,2023-03-07,164.85519896753374,141.1815925398111,198.45848225330624,164.85519896753374,164.85519896753374,6.544577627103345,6.544577627103345,6.544577627103345,6.544577627103345,6.544577627103345,6.544577627103345,0.0,0.0,0.0,171.39977659463707
156,2023-03-08,165.17900949489385,144.84187685103953,200.5303732115206,165.17900949489385,165.17900949489385,7.789508054033746,7.789508054033746,7.789508054033746,7.789508054033746,7.789508054033746,7.789508054033746,0.0,0.0,0.0,172.9685175489276
157,2023-03-09,165.50282002225396,142.48261167702267,200.41658697610387,165.50282002225396,165.50282002225396,7.200193369748165,7.200193369748165,7.200193369748165,7.200193369748165,7.200193369748165,7.200193369748165,0.0,0.0,0.0,172.70301339200213
158,2023-03-10,165.8266305496141,146.1711625483149,200.41697307301715,165.8266305496141,165.8266305496141,7.586325339771493,7.586325339771493,7.586325339771493,7.586325339771493,7.586325339771493,7.586325339771493,0.0,0.0,0.0,173.4129558893856
159,2023-03-13,166.7980621316944,145.6874075662009,201.18191999985493,166.7980621316944,166.7980621316944,8.15221407516555,8.15221407516555,8.15221407516555,8.15221407516555,8.15221407516555,8.15221407516555,0.0,0.0,0.0,174.95027620685994
160,2023-03-14,167.12187265905453,147.90349822338993,201.99151799676227,167.12187265905453,167.12187265905453,6.5445776270956255,6.5445776270956255,6.5445776270956255,6.5445776270956255,6.5445776270956255,6.5445776270956255,0.0,0.0,0.0,173.66645028615017
161,2023-03-15,167.4456831651511,144.74922678382157,204.1306369761512,167.4456831651511,167.4456831651511,7.78950805403524,7.78950805403524,7.78950805403524,7.78950805403524,7.78950805403524,7.78950805403524,0.0,0.0,0.0,175.23519121918636
162,2023-03-16,167.76949367124774,147.46261809919685,204.51703764095848,167.76949367124774,167.76949367124774,7.200193369742798,7.200193369742798,7.200193369742798,7.200193369742798,7.200193369742798,7.200193369742798,0.0,0.0,0.0,174.96968704099055
163,2023-03-17,168.09330417734435,146.57201663406138,204.296161709363,168.09330417734435,168.09330417734435,7.586325339752081,7.586325339752081,7.586325339752081,7.586325339752081,7.586325339752081,7.586325339752081,0.0,0.0,0.0,175.67962951709643
164,2023-03-20,169.06473569563414,147.0887436310959,206.21789834185657,169.06473569563414,169.06473569563414,8.15221407520495,8.15221407520495,8.15221407520495,8.15221407520495,8.15221407520495,8.15221407520495,0.0,0.0,0.0,177.21694977083908
165,2023-03-21,169.38854620173075,147.89917962438892,203.961873950957,169.38854620173075,169.38854620173075,6.544577627087904,6.544577627087904,6.544577627087904,6.544577627087904,6.544577627087904,6.544577627087904,0.0,0.0,0.0,175.93312382881865
166,2023-03-22,169.71235670782738,149.52521789099896,206.1200946162429,169.71235670782738,169.71235670782738,7.789508054033426,7.789508054033426,7.789508054033426,7.789508054033426,7.789508054033426,7.789508054033426,0.0,0.0,0.0,177.50186476186082
167,2023-03-23,170.03616721392396,148.04807700785184,203.76045958163024,170.03616721392396,170.03616721392396,7.20019336973743,7.20019336973743,7.20019336973743,7.20019336973743,7.20019336973743,7.20019336973743,0.0,0.0,0.0,177.2363605836614
168,2023-03-24,170.3599777200206,148.29236232166812,207.03746862643817,170.3599777200206,170.3599777200206,7.586325339755573,7.586325339755573,7.586325339755573,7.586325339755573,7.586325339755573,7.586325339755573,0.0,0.0,0.0,177.94630305977617
169,2023-03-27,171.33140924033432,150.43233115864498,210.17589326050322,171.33140924033432,171.33140924033432,8.152214075127423,8.152214075127423,8.152214075127423,8.152214075127423,8.152214075127423,8.152214075127423,0.0,0.0,0.0,179.48362331546176
170,2023-03-28,171.65521974710555,149.87584157880875,206.51348744141188,171.65521974710555,171.65521974710555,6.544577627080184,6.544577627080184,6.544577627080184,6.544577627080184,6.544577627080184,6.544577627080184,0.0,0.0,0.0,178.19979737418572
171,2023-03-29,171.97903025387677,153.04078251934095,207.97417807933797,171.97903025387677,171.97903025387677,7.789508054034918,7.789508054034918,7.789508054034918,7.789508054034918,7.789508054034918,7.789508054034918,0.0,0.0,0.0,179.76853830791168
172,2023-03-30,172.30284076064802,153.18279173986343,207.3672114690656,172.30284076064802,172.30284076064802,7.200193369731085,7.200193369731085,7.200193369731085,7.200193369731085,7.200193369731085,7.200193369731085,0.0,0.0,0.0,179.50303413037912
173,2023-03-31,172.62665126741928,152.61655230313988,207.46372630249851,172.62665126741928,172.62665126741928,7.586325339713258,7.586325339713258,7.586325339713258,7.586325339713258,7.586325339713258,7.586325339713258,0.0,0.0,0.0,180.21297660713253
174,2023-04-03,173.59808278773298,152.293669285809,209.25798663823204,173.59808278773298,173.59808278773298,8.152214075145807,8.152214075145807,8.152214075145807,8.152214075145807,8.152214075145807,8.152214075145807,0.0,0.0,0.0,181.75029686287877
175,2023-04-04,173.92189329450423,153.3834262805418,209.25639218808143,173.92189329450423,173.92189329450423,6.544577627083291,6.544577627083291,6.544577627083291,6.544577627083291,6.544577627083291,6.544577627083291,0.0,0.0,0.0,180.46647092158753
176,2023-04-05,174.24570380127545,153.68533594838135,207.18112282268456,174.24570380127545,174.24570380127545,7.789508054034901,7.789508054034901,7.789508054034901,7.789508054034901,7.789508054034901,7.789508054034901,0.0,0.0,0.0,182.03521185531037
177,2023-04-06,174.56951430991958,153.74165471834544,209.94812924788494,174.56951430991958,174.56951430991958,7.200193369725717,7.200193369725717,7.200193369725717,7.200193369725717,7.200193369725717,7.200193369725717,0.0,0.0,0.0,181.7697076796453
178,2023-04-10,175.86475634449627,156.3845119150782,212.35259477674413,175.86475634449627,175.86475634449627,8.152214075143167,8.152214075143167,8.152214075143167,8.152214075143167,8.152214075143167,8.152214075143167,0.0,0.0,0.0,184.01697041963945
179,2023-04-11,176.18856685314043,156.42515809096795,211.62755455014772,176.18856685314043,176.18856685314043,6.5445776270647436,6.5445776270647436,6.5445776270647436,6.5445776270647436,6.5445776270647436,6.5445776270647436,0.0,0.0,0.0,182.73314448020517
180,2023-04-12,176.5123773617846,155.3263807041584,210.9073452058699,176.5123773617846,176.5123773617846,7.789508054034884,7.789508054034884,7.789508054034884,7.789508054034884,7.789508054034884,7.789508054034884,0.0,0.0,0.0,184.30188541581947
181,2023-04-13,176.8361878704288,156.64714875297673,214.0118645387465,176.8361878704288,176.8361878704288,7.200193369747451,7.200193369747451,7.200193369747451,7.200193369747451,7.200193369747451,7.200193369747451,0.0,0.0,0.0,184.03638124017624
182,2023-04-14,177.15999837907293,154.27153263175666,211.04638917262568,177.15999837907293,177.15999837907293,7.586325339775531,7.586325339775531,7.586325339775531,7.586325339775531,7.586325339775531,7.586325339775531,0.0,0.0,0.0,184.74632371884846
183,2023-04-17,178.13142990500543,157.4793359331897,214.15218767013394,178.13142990500543,178.13142990500543,8.152214075140533,8.152214075140533,8.152214075140533,8.152214075140533,8.152214075140533,8.152214075140533,0.0,0.0,0.0,186.28364398014597
184,2023-04-18,178.4552404136496,157.10039362993888,213.01816823582584,178.4552404136496,178.4552404136496,6.544577627096795,6.544577627096795,6.544577627096795,6.544577627096795,6.544577627096795,6.544577627096795,0.0,0.0,0.0,184.9998180407464
185,2023-04-19,178.77905121619523,159.68030439216517,214.84132304917966,178.77905121619523,178.77905121619523,7.789508054034867,7.789508054034867,7.789508054034867,7.789508054034867,7.789508054034867,7.789508054034867,0.0,0.0,0.0,186.56855927023008
186,2023-04-20,179.10286201874084,157.68962970836054,215.07499232735265,179.10286201874084,179.10286201874084,7.200193369742083,7.200193369742083,7.200193369742083,7.200193369742083,7.200193369742083,7.200193369742083,0.0,0.0,0.0,186.30305538848293
187,2023-04-21,179.42667282128647,158.79362222241798,214.1701108192355,179.42667282128647,179.42667282128647,7.586325339779025,7.586325339779025,7.586325339779025,7.586325339779025,7.586325339779025,7.586325339779025,0.0,0.0,0.0,187.0129981610655
188,2023-04-24,180.39810522892338,160.20140857773055,215.64474874042864,180.39810522892338,180.39810522892338,8.152214075179938,8.152214075179938,8.152214075179938,8.152214075179938,8.152214075179938,8.152214075179938,0.0,0.0,0.0,188.5503193041033
189,2023-04-25,180.721916031469,158.1721622761516,215.3032546070073,180.721916031469,180.721916031469,6.544577627089073,6.544577627089073,6.544577627089073,6.544577627089073,6.544577627089073,6.544577627089073,0.0,0.0,0.0,187.26649365855806
190,2023-04-26,181.04572683401466,161.58540963881177,219.8743953229409,181.04572683401466,181.04572683401466,7.78950805403305,7.78950805403305,7.78950805403305,7.78950805403305,7.78950805403305,7.78950805403305,0.0,0.0,0.0,188.8352348880477
191,2023-04-27,181.3695376365603,159.98475035756704,216.9883946812609,181.3695376365603,181.3695376365603,7.200193369750265,7.200193369750265,7.200193369750265,7.200193369750265,7.200193369750265,7.200193369750265,0.0,0.0,0.0,188.56973100631055
192,2023-04-28,181.69334843910588,159.67889349246317,215.14509924477866,181.69334843910588,181.69334843910588,7.586325339782518,7.586325339782518,7.586325339782518,7.586325339782518,7.586325339782518,7.586325339782518,0.0,0.0,0.0,189.2796737788884
193,2023-05-01,183.54142849211578,159.95753115352036,218.8016069340737,183.54142849211578,183.54142849211578,8.152214075177302,8.152214075177302,8.152214075177302,8.152214075177302,8.152214075177302,8.152214075177302,0.0,0.0,0.0,191.6936425672931
194,2023-05-02,184.15745517645243,164.5886083636326,221.6348748086512,184.15745517645243,184.15745517645243,6.544577627092182,6.544577627092182,6.544577627092182,6.544577627092182,6.544577627092182,6.544577627092182,0.0,0.0,0.0,190.70203280354463
195,2023-05-03,184.77348186078908,164.79979807241375,220.56495599760737,184.77348186078908,184.77348186078908,7.789508054033032,7.789508054033032,7.789508054033032,7.789508054033032,7.789508054033032,7.789508054033032,0.0,0.0,0.0,192.5629899148221
196,2023-05-04,185.38950854512575,165.12450217784965,220.056316131642,185.38950854512575,185.38950854512575,7.20019336973037,7.20019336973037,7.20019336973037,7.20019336973037,7.20019336973037,7.20019336973037,0.0,0.0,0.0,192.5897019148561
197,2023-05-05,186.0055352294624,165.0391078904057,220.12212328590178,186.0055352294624,186.0055352294624,7.586325339740201,7.586325339740201,7.586325339740201,7.586325339740201,7.586325339740201,7.586325339740201,0.0,0.0,0.0,193.5918605692026
198,2023-05-08,187.8536152824723,167.51729002513795,223.1481759832517,187.8536152824723,187.8536152824723,8.152214075195685,8.152214075195685,8.152214075195685,8.152214075195685,8.152214075195685,8.152214075195685,0.0,0.0,0.0,196.00582935766798
199,2023-05-09,188.46964196680892,167.37117962142347,223.8291798245047,188.46964196680892,188.46964196680892,6.544577627095285,6.544577627095285,6.544577627095285,6.544577627095285,6.544577627095285,6.544577627095285,0.0,0.0,0.0,195.01421959390422
200,2023-05-10,189.08566865114557,167.07871255582828,226.0577210437145,189.08566865114557,189.08566865114557,7.789508054034527,7.789508054034527,7.789508054034527,7.789508054034527,7.789508054034527,7.789508054034527,0.0,0.0,0.0,196.87517670518008
201,2023-05-11,190.16300926175748,167.86847939451886,225.86766547585836,190.16300926175748,190.16300926175748,7.200193369738552,7.200193369738552,7.200193369738552,7.200193369738552,7.200193369738552,7.200193369738552,0.0,0.0,0.0,197.36320263149602
202,2023-05-12,191.24034987236936,170.64365076364663,226.90870292944763,191.24034987236936,191.24034987236936,7.586325339743695,7.586325339743695,7.586325339743695,7.586325339743695,7.586325339743695,7.586325339743695,0.0,0.0,0.0,198.82667521211306
203,2023-05-15,194.47237170420524,174.09889818074896,231.72723185099417,194.47237170420524,194.47237170420524,8.152214075139174,8.152214075139174,8.152214075139174,8.152214075139174,8.152214075139174,8.152214075139174,0.0,0.0,0.0,202.62458577934441
204,2023-05-16,195.54971231481716,172.5481216640133,229.4419533800887,195.54971231481716,195.54971231481716,6.54457762707674,6.54457762707674,6.54457762707674,6.54457762707674,6.54457762707674,6.54457762707674,0.0,0.0,0.0,202.0942899418939
205,2023-05-17,196.62705292542907,175.79654526413728,232.68595737517896,196.62705292542907,196.62705292542907,7.789508054032997,7.789508054032997,7.789508054032997,7.789508054032997,7.789508054032997,7.789508054032997,0.0,0.0,0.0,204.41656097946208
206,2023-05-18,197.70439353604095,175.86073013117792,230.9525420260807,197.70439353604095,197.70439353604095,7.200193369733186,7.200193369733186,7.200193369733186,7.200193369733186,7.200193369733186,7.200193369733186,0.0,0.0,0.0,204.90458690577415
207,2023-05-19,198.78173414665287,179.24456518706262,235.0964092041256,198.78173414665287,198.78173414665287,7.586325339724284,7.586325339724284,7.586325339724284,7.586325339724284,7.586325339724284,7.586325339724284,0.0,0.0,0.0,206.36805948637715
208,2023-05-22,202.01375597848866,183.9645843070052,236.75516678491223,202.01375597848866,202.01375597848866,8.15221407515756,8.15221407515756,8.15221407515756,8.15221407515756,8.15221407515756,8.15221407515756,0.0,0.0,0.0,210.16597005364622
209,2023-05-23,203.09109658910057,182.09888852191483,238.7673287934505,203.09109658910057,203.09109658910057,6.544577627079848,6.544577627079848,6.544577627079848,6.544577627079848,6.544577627079848,6.544577627079848,0.0,0.0,0.0,209.63567421618043
210,2023-05-24,204.16843719971254,185.4917090962047,241.68614257293038,204.16843719971254,204.16843719971254,7.789508054034492,7.789508054034492,7.789508054034492,7.789508054034492,7.789508054034492,7.789508054034492,0.0,0.0,0.0,211.95794525374703
211,2023-05-25,205.24577781032446,182.32461149803373,241.24604489181468,205.24577781032446,205.24577781032446,7.20019336974137,7.20019336974137,7.20019336974137,7.20019336974137,7.20019336974137,7.20019336974137,0.0,0.0,0.0,212.4459711800658
212,2023-05-26,206.32311842093637,184.70165749083188,242.26217804499336,206.32311842093637,206.32311842093637,7.5863253397830634,7.5863253397830634,7.5863253397830634,7.5863253397830634,7.5863253397830634,7.5863253397830634,0.0,0.0,0.0,213.90944376071943
213,2023-05-30,210.63248086338407,188.7679940625362,245.1257550610386,210.63248086338407,210.63248086338407,6.544577627090243,6.544577627090243,6.544577627090243,6.544577627090243,6.544577627090243,6.544577627090243,0.0,0.0,0.0,217.1770584904743
214,2023-05-31,211.709821473996,191.41063544307804,248.78490582176332,211.709821473996,211.709821473996,7.789508054032676,7.789508054032676,7.789508054032676,7.789508054032676,7.789508054032676,7.789508054032676,0.0,0.0,0.0,219.49932952802865
215,2023-06-01,212.7871620846079,190.88136954779017,249.84317942162107,212.7871620846079,212.7871620846079,7.200193369736002,7.200193369736002,7.200193369736002,7.200193369736002,7.200193369736002,7.200193369736002,0.0,0.0,0.0,219.9873554543439
216,2023-06-02,213.86450269521987,191.5481557845436,249.0666397553908,213.86450269521987,213.86450269521987,7.5863253397636505,7.5863253397636505,7.5863253397636505,7.5863253397636505,7.5863253397636505,7.5863253397636505,0.0,0.0,0.0,221.45082803498352
217,2023-06-05,217.09652452705558,196.1170388387244,256.5234733857732,217.09652452705558,217.09652452705558,8.152214075173305,8.152214075173305,8.152214075173305,8.152214075173305,8.152214075173305,8.152214075173305,0.0,0.0,0.0,225.24873860222888
218,2023-06-06,218.1738651376675,198.07794504939116,254.73083818062696,218.1738651376675,218.1738651376675,6.544577627093349,6.544577627093349,6.544577627093349,6.544577627093349,6.544577627093349,6.544577627093349,0.0,0.0,0.0,224.71844276476085
219,2023-06-07,219.2512057482794,198.73870325898056,255.67823688430838,219.2512057482794,219.2512057482794,7.789508054032659,7.789508054032659,7.789508054032659,7.789508054032659,7.789508054032659,7.789508054032659,0.0,0.0,0.0,227.04071380231207
220,2023-06-08,220.32854635889137,201.58024704468235,255.61214703775457,220.32854635889137,220.32854635889137,7.200193369757734,7.200193369757734,7.200193369757734,7.200193369757734,7.200193369757734,7.200193369757734,0.0,0.0,0.0,227.5287397286491
221,2023-06-09,221.40588696950329,201.65094540975883,256.90007026174976,221.40588696950329,221.40588696950329,7.58632533974424,7.58632533974424,7.58632533974424,7.58632533974424,7.58632533974424,7.58632533974424,0.0,0.0,0.0,228.99221230924752
222,2023-06-12,224.63790880133908,203.29531411318462,260.97518628118695,224.63790880133908,224.63790880133908,8.152214075170672,8.152214075170672,8.152214075170672,8.152214075170672,8.152214075170672,8.152214075170672,0.0,0.0,0.0,232.79012287650974
223,2023-06-13,225.715249411951,203.09761987268712,259.7273982243385,225.715249411951,225.715249411951,6.54457762708563,6.54457762708563,6.54457762708563,6.54457762708563,6.54457762708563,6.54457762708563,0.0,0.0,0.0,232.25982703903662
224,2023-06-14,226.7925900225629,207.22491267803912,263.53749343962636,226.7925900225629,226.7925900225629,7.789508054032641,7.789508054032641,7.789508054032641,7.789508054032641,7.789508054032641,7.789508054032641,0.0,0.0,0.0,234.58209807659554
225,2023-06-15,227.86993063317482,204.0288823015814,261.24458489559913,227.86993063317482,227.86993063317482,7.200193369752366,7.200193369752366,7.200193369752366,7.200193369752366,7.200193369752366,7.200193369752366,0.0,0.0,0.0,235.07012400292717
226,2023-06-16,228.9472712437867,207.07672450165887,263.6228487540835,228.9472712437867,228.9472712437867,7.58632533980302,7.58632533980302,7.58632533980302,7.58632533980302,7.58632533980302,7.58632533980302,0.0,0.0,0.0,236.5335965835897
227,2023-06-20,233.2566336862344,211.08430334730969,266.08667834916434,233.2566336862344,233.2566336862344,6.54457762707791,6.54457762707791,6.54457762707791,6.54457762707791,6.54457762707791,6.54457762707791,0.0,0.0,0.0,239.8012113133123
228,2023-06-21,234.3339742968464,214.01074178595502,269.96750609573394,234.3339742968464,234.3339742968464,7.789508054034132,7.789508054034132,7.789508054034132,7.789508054034132,7.789508054034132,7.789508054034132,0.0,0.0,0.0,242.12348235088055
229,2023-06-22,235.4113149074583,214.6679741098632,269.971149866583,235.4113149074583,235.4113149074583,7.200193369732472,7.200193369732472,7.200193369732472,7.200193369732472,7.200193369732472,7.200193369732472,0.0,0.0,0.0,242.61150827719075
230,2023-06-23,236.4886555180702,216.19963706834372,272.4160789855613,236.4886555180702,236.4886555180702,7.586325339806513,7.586325339806513,7.586325339806513,7.586325339806513,7.586325339806513,7.586325339806513,0.0,0.0,0.0,244.0749808578767
231,2023-06-26,239.720677349906,219.77273823807877,277.06738084203266,239.720677349906,239.720677349906,8.152214075153562,8.152214075153562,8.152214075153562,8.152214075153562,8.152214075153562,8.152214075153562,0.0,0.0,0.0,247.87289142505955
232,2023-06-27,240.7980179605179,219.08798782963308,275.71603909468115,240.7980179605179,240.7980179605179,6.544577627099136,6.544577627099136,6.544577627099136,6.544577627099136,6.544577627099136,6.544577627099136,0.0,0.0,0.0,247.34259558761704
233,2023-06-28,241.87535857112982,222.59518207297216,279.4582746929054,241.87535857112982,241.87535857112982,7.789508054035629,7.789508054035629,7.789508054035629,7.789508054035629,7.789508054035629,7.789508054035629,0.0,0.0,0.0,249.66486662516544
234,2023-06-29,242.95269918174174,221.69261640098878,279.44441687689636,242.95269918174174,242.95269918174174,7.200193369740654,7.200193369740654,7.200193369740654,7.200193369740654,7.200193369740654,7.200193369740654,0.0,0.0,0.0,250.15289255148238
235,2023-06-30,244.03003979235365,223.04959614433756,280.82173724197486,244.03003979235365,244.03003979235365,7.586325339764196,7.586325339764196,7.586325339764196,7.586325339764196,7.586325339764196,7.586325339764196,0.0,0.0,0.0,251.61636513211783
236,2023-07-03,247.26206162418944,226.21339695036266,282.9761852934866,247.26206162418944,247.26206162418944,8.152214075171946,8.152214075171946,8.152214075171946,8.152214075171946,8.152214075171946,8.152214075171946,0.0,0.0,0.0,255.41427569936138
237,2023-07-05,249.41674284541332,228.83121116212777,285.3211687459819,249.41674284541332,249.41674284541332,7.789508054035611,7.789508054035611,7.789508054035611,7.789508054035611,7.789508054035611,7.789508054035611,0.0,0.0,0.0,257.20625089944895
238,2023-07-06,250.4940834560252,231.5193770298233,286.07291625274564,250.4940834560252,250.4940834560252,7.200193369748837,7.200193369748837,7.200193369748837,7.200193369748837,7.200193369748837,7.200193369748837,0.0,0.0,0.0,257.69427682577407
239,2023-07-07,251.57142406663712,228.0593900999475,285.8826192269863,251.57142406663712,251.57142406663712,7.58632533976769,7.58632533976769,7.58632533976769,7.58632533976769,7.58632533976769,7.58632533976769,0.0,0.0,0.0,259.15774940640483
240,2023-07-10,254.80344589847286,234.88219454347583,292.0822099292546,254.80344589847286,254.80344589847286,8.152214075169312,8.152214075169312,8.152214075169312,8.152214075169312,8.152214075169312,8.152214075169312,0.0,0.0,0.0,262.9556599736422
241,2023-07-11,255.88078650908483,234.65343462421114,291.48082024851453,255.88078650908483,255.88078650908483,6.544577627083692,6.544577627083692,6.544577627083692,6.544577627083692,6.544577627083692,6.544577627083692,0.0,0.0,0.0,262.4253641361685
242,2023-07-12,256.9581271196967,236.65606813948764,293.20639812954664,256.9581271196967,256.9581271196967,7.789508054035591,7.789508054035591,7.789508054035591,7.789508054035591,7.789508054035591,7.789508054035591,0.0,0.0,0.0,264.7476351737323
243,2023-07-13,258.0354677303087,237.33135857152826,293.9775618478377,258.0354677303087,258.0354677303087,7.200193369728943,7.200193369728943,7.200193369728943,7.200193369728943,7.200193369728943,7.200193369728943,0.0,0.0,0.0,265.23566110003765
244,2023-07-14,259.11280834092065,239.5171494726411,295.4210199282966,259.11280834092065,259.11280834092065,7.586325339748279,7.586325339748279,7.586325339748279,7.586325339748279,7.586325339748279,7.586325339748279,0.0,0.0,0.0,266.6991336806689
245,2023-07-17,262.34483017275636,244.34236621233316,300.26409527954064,262.34483017275636,262.34483017275636,8.152214075187695,8.152214075187695,8.152214075187695,8.152214075187695,8.152214075187695,8.152214075187695,0.0,0.0,0.0,270.4970442479441
246,2023-07-18,263.42217078336824,241.58441864196536,299.7661446075388,263.42217078336824,263.42217078336824,6.5445776270868,6.5445776270868,6.5445776270868,6.5445776270868,6.5445776270868,6.5445776270868,0.0,0.0,0.0,269.96674841045507
247,2023-07-19,264.4995113939802,244.64449692304083,299.0222002027283,264.4995113939802,264.4995113939802,7.789508054033776,7.789508054033776,7.789508054033776,7.789508054033776,7.789508054033776,7.789508054033776,0.0,0.0,0.0,272.28901944801396
248,2023-07-20,265.5768520045921,244.6726477373361,302.05999262161913,265.5768520045921,265.5768520045921,7.200193369737125,7.200193369737125,7.200193369737125,7.200193369737125,7.200193369737125,7.200193369737125,0.0,0.0,0.0,272.77704537432925
249,2023-07-21,266.65419261520407,248.1985220688108,303.51448636616385,266.65419261520407,266.65419261520407,7.58632533975177,7.58632533975177,7.58632533975177,7.58632533975177,7.58632533975177,7.58632533975177,0.0,0.0,0.0,274.24051795495586
250,2023-07-24,269.88621444703983,249.57172018328887,305.1350264731864,269.88621444703983,269.88621444703983,8.152214075131182,8.152214075131182,8.152214075131182,8.152214075131182,8.152214075131182,8.152214075131182,0.0,0.0,0.0,278.038428522171
251,2023-07-25,270.9635550576518,248.16944089098962,308.77401504525733,270.9635550576518,270.9635550576518,6.5445776270790805,6.5445776270790805,6.5445776270790805,6.5445776270790805,6.5445776270790805,6.5445776270790805,0.0,0.0,0.0,277.50813268473087
252,2023-07-26,272.0408956682637,251.72567800415243,307.0714961351057,272.0408956682637,272.0408956682637,7.789508054035271,7.789508054035271,7.789508054035271,7.789508054035271,7.789508054035271,7.789508054035271,0.0,0.0,0.0,279.83040372229897
253,2023-07-27,273.11823627887554,252.52388433471225,309.1347973194756,273.11823627887554,273.11823627887554,7.200193369731757,7.200193369731757,7.200193369731757,7.200193369731757,7.200193369731757,7.200193369731757,0.0,0.0,0.0,280.3184296486073
254,2023-07-28,274.19557688948754,252.47789982851876,307.9879962800571,274.19224316514953,274.19557688948754,7.58632533973236,7.58632533973236,7.58632533973236,7.58632533973236,7.58632533973236,7.58632533973236,0.0,0.0,0.0,281.7819022292199
255,2023-07-29,275.2729175000995,228.24912272770885,283.63340979940386,275.2317770261589,275.3093596790647,-18.636401408547492,-18.636401408547492,-18.636401408547492,-18.636401408547492,-18.636401408547492,-18.636401408547492,0.0,0.0,0.0,256.636516091552
256,2023-07-30,276.35025811071137,230.26914885544974,286.31090956500867,276.2590436875244,276.4391831903589,-18.63641705728533,-18.63641705728533,-18.63641705728533,-18.63641705728533,-18.63641705728533,-18.63641705728533,0.0,0.0,0.0,257.71384105342605
257,2023-07-31,277.42759872132325,258.04094099482614,314.06039532372574,277.2798311113749,277.592738529904,8.152214075149567,8.152214075149567,8.152214075149567,8.152214075149567,8.152214075149567,8.152214075149567,0.0,0.0,0.0,285.5798127964728
258,2023-08-01,278.50493933193525,258.5551760987282,312.4698214596576,278.29461875814786,278.75418082851445,6.544577627082184,6.544577627082184,6.544577627082184,6.544577627082184,6.544577627082184,6.544577627082184,0.0,0.0,0.0,285.0495169590174
259,2023-08-02,279.5822799425471,260.00633538265913,315.4156270641831,279.3125337728932,279.9185379449898,7.789508054033743,7.789508054033743,7.789508054033743,7.789508054033743,7.789508054033743,7.789508054033743,0.0,0.0,0.0,287.3717879965808
260,2023-08-03,280.6596205531591,258.41822657113494,316.944054857619,280.31585314891703,281.10211882245363,7.200193369753489,7.200193369753489,7.200193369753489,7.200193369753489,7.200193369753489,7.200193369753489,0.0,0.0,0.0,287.85981392291256
261,2023-08-04,281.736961163771,259.88034670092384,319.37242997374443,281.3133750077597,282.26986645903804,7.5863253397911405,7.5863253397911405,7.5863253397911405,7.5863253397911405,7.5863253397911405,7.5863253397911405,0.0,0.0,0.0,289.32328650356214
262,2023-08-05,282.8143017743829,236.0444932880045,293.681151984717,282.31208560410096,283.4435749071504,-18.636401408554416,-18.636401408554416,-18.636401408554416,-18.636401408554416,-18.636401408554416,-18.636401408554416,0.0,0.0,0.0,264.17790036582846
263,2023-08-06,283.89164238499484,237.50061151253382,292.08092625291005,283.31294079738313,284.63216956678485,-18.63641705725077,-18.63641705725077,-18.63641705725077,-18.63641705725077,-18.63641705725077,-18.63641705725077,0.0,0.0,0.0,265.2552253277441
264,2023-08-07,284.9689829956068,266.1901883240494,320.9068249930372,284.2785274676517,285.8237289243049,8.152214075146931,8.152214075146931,8.152214075146931,8.152214075146931,8.152214075146931,8.152214075146931,0.0,0.0,0.0,293.12119707075374
265,2023-08-08,286.04632360621866,264.33822637858975,319.6967503677521,285.2190510684943,287.00518632488655,6.5445776270744656,6.5445776270744656,6.5445776270744656,6.5445776270744656,6.5445776270744656,6.5445776270744656,0.0,0.0,0.0,292.59090123329315
266,2023-08-09,287.1236642168306,267.72072176702517,323.21093602342245,286.2091830117453,288.2223707619005,7.789508054033437,7.789508054033437,7.789508054033437,7.789508054033437,7.789508054033437,7.789508054033437,0.0,0.0,0.0,294.91317227086404
267,2023-08-10,288.20100482744255,267.9778347641102,324.46951608835644,287.15161133367985,289.5176664429712,7.2001933697481215,7.2001933697481215,7.2001933697481215,7.2001933697481215,7.2001933697481215,7.2001933697481215,0.0,0.0,0.0,295.4011981971907
268,2023-08-11,289.2783454380544,269.0774574445052,325.26181599919715,288.0531867153661,290.7135306058002,7.586325339771729,7.586325339771729,7.586325339771729,7.586325339771729,7.586325339771729,7.586325339771729,0.0,0.0,0.0,296.8646707778261
269,2023-08-12,290.35568604866637,243.68818044360134,298.8560969622738,288.9990744972054,291.92779478126886,-18.636401408589062,-18.636401408589062,-18.636401408589062,-18.636401408589062,-18.636401408589062,-18.636401408589062,0.0,0.0,0.0,271.7192846400773
270,2023-08-13,291.43302665927826,244.16813201831195,299.6590367221848,289.94416548367985,293.16138033897386,-18.636417057243257,-18.636417057243257,-18.636417057243257,-18.636417057243257,-18.636417057243257,-18.636417057243257,0.0,0.0,0.0,272.796609602035
271,2023-08-14,292.5103672698902,272.4776926205032,329.4921442089156,290.84672844804277,294.36195118024295,8.152214075186336,8.152214075186336,8.152214075186336,8.152214075186336,8.152214075186336,8.152214075186336,0.0,0.0,0.0,300.66258134507655
272,2023-08-15,293.5877078805022,270.1308259089907,329.59499335301666,291.7833467880873,295.5855038527306,6.544577627095693,6.544577627095693,6.544577627095693,6.544577627095693,6.544577627095693,6.544577627095693,0.0,0.0,0.0,300.1322855075979
273,2023-08-16,294.6650484911141,275.84591755112814,331.92040477875435,292.73129247879615,296.8386583206484,7.789508054031909,7.789508054031909,7.789508054031909,7.789508054031909,7.789508054031909,7.789508054031909,0.0,0.0,0.0,302.454556545146
274,2023-08-17,295.74238910172596,275.75459221894914,332.0786289069983,293.68839684647764,298.07446853327485,7.200193369742757,7.200193369742757,7.200193369742757,7.200193369742757,7.200193369742757,7.200193369742757,0.0,0.0,0.0,302.9425824714687
275,2023-08-18,296.8197297123379,275.21590013977664,332.8760876156396,294.60613140567307,299.3018547777634,7.586325339775222,7.586325339775222,7.586325339775222,7.586325339775222,7.586325339775222,7.586325339775222,0.0,0.0,0.0,304.4060550521131
276,2023-08-19,297.89707032294984,250.46938163727083,308.3044867478925,295.47319306904046,300.53974099742163,-18.636401408595987,-18.636401408595987,-18.636401408595987,-18.636401408595987,-18.636401408595987,-18.636401408595987,0.0,0.0,0.0,279.26066891435386
277,2023-08-20,298.9744109335617,251.0971760504726,311.03105700015084,296.39481484089947,301.8543613464842,-18.636417057283957,-18.636417057283957,-18.636417057283957,-18.636417057283957,-18.636417057283957,-18.636417057283957,0.0,0.0,0.0,280.3379938762778
278,2023-08-21,300.05175154417367,279.57676127888817,337.16149842820283,297.3167820220817,303.1154655051169,8.152214075183698,8.152214075183698,8.152214075183698,8.152214075183698,8.152214075183698,8.152214075183698,0.0,0.0,0.0,308.20396561935735
279,2023-08-22,301.1290921547856,278.51444275905493,335.4655613912897,298.25522755356974,304.42553403234933,6.544577627087971,6.544577627087971,6.544577627087971,6.544577627087971,6.544577627087971,6.544577627087971,0.0,0.0,0.0,307.67366978187357
280,2023-08-23,302.2064327653975,283.4234592984985,338.3308485516497,299.1532800087547,305.6852950463084,7.789508054033402,7.789508054033402,7.789508054033402,7.789508054033402,7.789508054033402,7.789508054033402,0.0,0.0,0.0,309.99594081943087
281,2023-08-24,303.2837733760095,282.26683545320094,340.18890731482816,300.0082107995264,306.9765977247365,7.200193369750934,7.200193369750934,7.200193369750934,7.200193369750934,7.200193369750934,7.200193369750934,0.0,0.0,0.0,310.4839667457604
